GroupDescription,Year,JAN,FEB,MAR,APR,MAY,JUN,JUL,AUG,SEP,OCT,NOV,DEC
TRAFFIC COUNT AT ARCH ROCK,2018,20793.00,22429.00,30230.00,36935.00,46739.00,45000.00,21450.00,,,,,
TRAFFIC COUNT AT ARCH ROCK,2017,20184.00,24206.00,46112.00,66498.00,67532.00,57925.00,57547.00,57367.00,63136.00,48242.00,33996.00,19405.00
TRAFFIC COUNT AT ARCH ROCK,2016,21728.00,26196.00,32769.00,38821.00,52689.00,58480.00,60143.00,54744.00,52947.00,43187.00,28816.00,23811.00
TRAFFIC COUNT AT ARCH ROCK,2015,19875.00,19574.00,28666.00,35198.00,45677.00,49450.00,48671.00,49004.00,43376.00,36641.00,24772.00,23412.00
TRAFFIC COUNT AT ARCH ROCK,2014,16919.00,16924.00,21754.00,32520.00,44950.00,45000.00,56355.00,49472.00,40474.00,29344.00,23857.00,21975.00
TRAFFIC COUNT AT ARCH ROCK,2013,16634.00,17536.00,25560.00,30371.00,44950.00,45000.00,50987.00,55726.00,40552.00,20237.00,22968.00,18484.00
TRAFFIC COUNT AT ARCH ROCK,2012,18387.00,17877.00,23422.00,33551.00,45200.00,49717.00,50002.00,49600.00,38196.00,28858.00,19275.00,17383.00
TRAFFIC COUNT AT ARCH ROCK,2011,17128.00,17345.00,19730.00,31500.00,44950.00,56213.00,59327.00,54471.00,44896.00,37061.00,22218.00,18149.00
TRAFFIC COUNT AT ARCH ROCK,2010,15385.00,16482.00,22692.00,29365.00,45513.00,56830.00,57350.00,51946.00,46205.00,34755.00,21411.00,15627.00
TRAFFIC COUNT AT ARCH ROCK,2009,15440.00,14002.00,20361.00,29003.00,42580.00,47773.00,51030.00,49969.00,43796.00,34237.00,21837.00,17474.00
TRAFFIC COUNT AT ARCH ROCK,2008,15048.00,16700.00,22401.00,25287.00,38920.00,44019.00,43485.00,42423.00,36330.00,31070.00,19285.00,15803.00
TRAFFIC COUNT AT ARCH ROCK,2007,14722.00,14248.00,19687.00,26916.00,37943.00,42237.00,44124.00,43148.00,37132.00,30765.00,21216.00,16432.00
TRAFFIC COUNT AT ARCH ROCK,2006,17670.00,15490.00,20985.00,29254.00,1060.00,0.00,0.00,31704.00,35095.00,28959.00,21048.00,16477.00
TRAFFIC COUNT AT ARCH ROCK,2005,15983.00,18900.00,23250.00,31500.00,44950.00,49348.00,51150.00,49600.00,41342.00,33369.00,22605.00,16726.00
TRAFFIC COUNT AT ARCH ROCK,2004,15788.00,16324.00,20640.00,30058.00,40126.00,42490.00,44650.00,42566.00,36162.00,27661.00,18134.00,16989.00
TRAFFIC COUNT AT ARCH ROCK,2003,15962.00,15027.00,19178.00,23627.00,35503.00,44135.00,45213.00,44444.00,34301.00,31196.00,19283.00,17228.00
TRAFFIC COUNT AT ARCH ROCK,2002,15244.00,15358.00,19562.00,25162.00,37050.00,41790.00,44301.00,43849.00,34883.00,29822.00,21691.00,16764.00
TRAFFIC COUNT AT ARCH ROCK,2001,17670.00,18900.00,23250.00,25395.00,35564.00,39097.00,43614.00,49600.00,32557.00,27521.00,18954.00,17885.00
TRAFFIC COUNT AT ARCH ROCK,2000,11400.00,10800.00,13500.00,12600.00,26100.00,45000.00,51150.00,49600.00,16800.00,35650.00,22500.00,20150.00
TRAFFIC COUNT AT ARCH ROCK,1999,11400.00,10985.00,13500.00,12600.00,26100.00,37500.00,51150.00,49600.00,16800.00,17250.00,13500.00,7800.00
TRAFFIC COUNT AT ARCH ROCK,1998,15549.00,15062.00,20876.00,28751.00,37179.00,36732.00,49673.00,49855.00,41584.00,35650.00,13500.00,7800.00
TRAFFIC COUNT AT ARCH ROCK,1997,0.00,113.00,300.00,6994.00,17520.00,36036.00,42966.00,47096.00,38541.00,34408.00,21227.00,17525.00
TRAFFIC COUNT AT ARCH ROCK,1996,15143.00,18911.00,23648.00,31756.00,38442.00,46409.00,49043.00,49600.00,42110.00,35650.00,22500.00,19500.00
TRAFFIC COUNT AT ARCH ROCK,1995,17016.00,19879.00,6967.00,27850.00,43812.00,50229.00,53267.00,51966.00,46216.00,39525.00,22998.00,12273.00
TRAFFIC COUNT AT ARCH ROCK,1994,17962.00,18382.00,23579.00,31082.00,40803.00,42805.00,46679.00,47880.00,41400.00,34522.00,21505.00,20930.00
TRAFFIC COUNT AT ARCH ROCK,1993,17934.00,18481.00,22843.00,35414.00,49454.00,44065.00,54014.00,50490.00,43126.00,37269.00,23077.00,19173.00
TRAFFIC COUNT AT ARCH ROCK,1992,19247.00,17861.00,21832.00,33251.00,45164.00,44244.00,48750.00,49994.00,40366.00,34452.00,22493.00,18383.00
TRAFFIC COUNT AT ARCH ROCK,1991,16036.00,16115.00,20341.00,26154.00,40361.00,39028.00,46778.00,48979.00,39141.00,33019.00,22704.00,17988.00
TRAFFIC COUNT AT ARCH ROCK,1990,17260.00,17352.00,22010.00,31171.00,40716.00,41200.00,40544.00,32608.00,31955.00,30048.00,20331.00,15314.00
TRAFFIC COUNT AT ARCH ROCK,1989,17545.00,16976.00,22450.00,27660.00,40242.00,38763.00,42677.00,44268.00,35592.00,30198.00,22508.00,17854.00
TRAFFIC COUNT AT ARCH ROCK,1988,18174.00,17846.00,22793.00,27685.00,40121.00,40121.00,41735.00,41191.00,32951.00,28821.00,21001.00,17468.00
TRAFFIC COUNT AT ARCH ROCK,1987,16073.00,16731.00,18714.00,28382.00,40757.00,39036.00,42199.00,43175.00,35128.00,28508.00,25262.00,17300.00
TRAFFIC COUNT AT ARCH ROCK,1986,15880.00,13464.00,20102.00,23152.00,35559.00,32321.00,34350.00,49218.00,35411.00,22354.00,12992.00,15051.00
TRAFFIC COUNT AT ARCH ROCK,1985,13370.00,14605.00,15469.00,22392.00,32166.00,33551.00,37450.00,36613.00,29839.00,25872.00,17366.00,14257.00
TRAFFIC COUNT AT BADGER PASS,2018,12400.00,14700.00,12400.00,2250.00,8525.00,22500.00,44950.00,,,,,
TRAFFIC COUNT AT BADGER PASS,2017,10054.00,7617.00,9111.00,300.00,8525.00,22500.00,44950.00,44950.00,33750.00,23250.00,4500.00,10850.00
TRAFFIC COUNT AT BADGER PASS,2016,12400.00,15225.00,12400.00,2250.00,36055.00,22500.00,44950.00,44950.00,33750.00,23250.00,11144.00,10850.00
TRAFFIC COUNT AT BADGER PASS,2015,10400.00,14700.00,12400.00,4500.00,8525.00,22500.00,44950.00,44950.00,33750.00,23250.00,0.00,10850.00
TRAFFIC COUNT AT BADGER PASS,2014,12400.00,14700.00,12400.00,4500.00,8525.00,22500.00,44950.00,44950.00,33750.00,23250.00,4500.00,10850.00
TRAFFIC COUNT AT BADGER PASS,2013,7172.00,14700.00,7691.00,598.00,30120.00,30297.00,44950.00,44950.00,33750.00,23250.00,4500.00,10850.00
TRAFFIC COUNT AT BADGER PASS,2012,12400.00,15225.00,12400.00,4500.00,8525.00,22500.00,44950.00,41313.00,29575.00,18576.00,3210.00,4468.00
TRAFFIC COUNT AT BADGER PASS,2011,9542.00,6918.00,4666.00,1717.00,8525.00,38990.00,33965.00,39911.00,28610.00,23250.00,450.00,8750.00
TRAFFIC COUNT AT BADGER PASS,2010,12400.00,14700.00,12400.00,4500.00,8525.00,29917.00,40910.00,40366.00,31627.00,18700.00,2838.00,5717.00
TRAFFIC COUNT AT BADGER PASS,2009,12400.00,14700.00,12400.00,4500.00,8525.00,22500.00,44950.00,44950.00,33750.00,23250.00,4500.00,10850.00
TRAFFIC COUNT AT BADGER PASS,2008,12158.00,15225.00,12400.00,4500.00,8525.00,22500.00,44950.00,44950.00,33750.00,23250.00,4650.00,10850.00
TRAFFIC COUNT AT BADGER PASS,2007,8655.00,7766.00,7512.00,4500.00,21847.00,27131.00,44950.00,44950.00,33750.00,23250.00,4500.00,10850.00
TRAFFIC COUNT AT BADGER PASS,2006,8765.00,9340.00,6339.00,3117.00,5246.00,31477.00,44950.00,44950.00,33750.00,23250.00,6221.00,5340.00
TRAFFIC COUNT AT BADGER PASS,2005,8377.00,8890.00,7894.00,0.00,2425.00,31631.00,41442.00,36983.00,33750.00,18855.00,8732.00,4243.00
TRAFFIC COUNT AT BADGER PASS,2004,12400.00,9461.00,8310.00,3459.00,17097.00,22500.00,32893.00,20409.00,33750.00,13088.00,406.00,6651.00
TRAFFIC COUNT AT BADGER PASS,2003,12400.00,16275.00,12400.00,4500.00,8525.00,22500.00,34411.00,44950.00,23940.00,23250.00,483.00,6410.00
TRAFFIC COUNT AT BADGER PASS,2002,10910.00,11267.00,9848.00,2172.00,8525.00,22500.00,44950.00,44950.00,33750.00,23250.00,4500.00,10850.00
TRAFFIC COUNT AT BADGER PASS,2001,8360.00,8221.00,9235.00,3130.00,16852.00,28286.00,42702.00,44950.00,24655.00,18644.00,4779.00,7810.00
TRAFFIC COUNT AT BADGER PASS,2000,7433.00,9821.00,10427.00,4799.00,14759.00,27923.00,34274.00,33411.00,27143.00,16774.00,1626.00,8334.00
TRAFFIC COUNT AT BADGER PASS,1999,12579.00,13197.00,12320.00,3494.00,7700.00,21972.00,44950.00,44950.00,30286.00,21370.00,3103.00,2066.00
TRAFFIC COUNT AT BADGER PASS,1998,12548.00,10615.00,12392.00,3511.00,4651.00,3029.00,46451.00,45208.00,0.00,22838.00,4311.00,11249.00
TRAFFIC COUNT AT BADGER PASS,1997,1181.00,2404.00,12400.00,4650.00,0.00,34951.00,42241.00,45902.00,31364.00,11535.00,0.00,10850.00
TRAFFIC COUNT AT BADGER PASS,1996,8420.00,10371.00,14984.00,4500.00,8525.00,2215.00,47148.00,42684.00,33482.00,23271.00,4500.00,10000.00
TRAFFIC COUNT AT BADGER PASS,1995,13974.00,17038.00,7186.00,2098.00,1981.00,2323.00,48150.00,46434.00,41113.00,31280.00,14367.00,4734.00
TRAFFIC COUNT AT BADGER PASS,1994,9597.00,13415.00,16564.00,3790.00,18724.00,32681.00,37929.00,42831.00,31958.00,21935.00,3557.00,13953.00
TRAFFIC COUNT AT BADGER PASS,1993,14822.00,14540.00,14595.00,9208.00,5554.00,32352.00,48154.00,47041.00,36078.00,24488.00,5807.00,7224.00
TRAFFIC COUNT AT BADGER PASS,1992,10342.00,9544.00,10605.00,793.00,11942.00,27405.00,39425.00,41911.00,34663.00,22096.00,1606.00,9995.00
TRAFFIC COUNT AT BADGER PASS,1991,11912.00,6975.00,10651.00,6053.00,10228.00,20000.00,38965.00,55297.00,32551.00,19835.00,2134.00,2421.00
TRAFFIC COUNT AT BADGER PASS,1990,10439.00,39576.00,13891.00,3869.00,18857.00,31758.00,33841.00,13047.00,20000.00,20173.00,4289.00,6383.00
TRAFFIC COUNT AT BADGER PASS,1989,15584.00,12316.00,9921.00,3658.00,14663.00,30229.00,35422.00,37949.00,21138.00,17893.00,9904.00,6072.00
TRAFFIC COUNT AT BADGER PASS,1988,12803.00,12803.00,10926.00,2576.00,9610.00,27341.00,32584.00,33928.00,21769.00,19400.00,8740.00,11339.00
TRAFFIC COUNT AT BADGER PASS,1987,33914.00,36722.00,28956.00,6256.00,22166.00,26289.00,34824.00,32274.00,25089.00,19037.00,3433.00,4761.00
TRAFFIC COUNT AT BADGER PASS,1986,12417.00,8027.00,8609.00,1149.00,14237.00,31580.00,32175.00,31162.00,19084.00,8500.00,7300.00,1686.00
TRAFFIC COUNT AT BADGER PASS,1985,43357.00,39682.00,26546.00,11021.00,31081.00,67593.00,77508.00,89027.00,15461.00,12284.00,1500.00,9394.00
TRAFFIC COUNT AT BIG OAK FLAT,2018,11885.00,14072.00,17529.00,33226.00,56146.00,65880.00,64943.00,,,,,
TRAFFIC COUNT AT BIG OAK FLAT,2017,9623.00,8838.00,3807.00,9043.00,50361.00,70602.00,62000.00,72143.00,55575.00,44396.00,17040.00,9312.00
TRAFFIC COUNT AT BIG OAK FLAT,2016,11484.00,16737.00,21092.00,33858.00,55779.00,69033.00,86083.00,75156.00,63958.00,76670.00,22421.00,14533.00
TRAFFIC COUNT AT BIG OAK FLAT,2015,6975.00,8400.00,16275.00,27305.00,48629.00,56726.00,68724.00,64515.00,48137.00,38434.00,13500.00,11323.00
TRAFFIC COUNT AT BIG OAK FLAT,2014,8920.00,8400.00,16275.00,25500.00,32550.00,46500.00,62000.00,58900.00,31500.00,31000.00,13500.00,9300.00
TRAFFIC COUNT AT BIG OAK FLAT,2013,6975.00,8400.00,16275.00,23471.00,43298.00,50773.00,59164.00,22800.00,31500.00,31000.00,15167.00,9265.00
TRAFFIC COUNT AT BIG OAK FLAT,2012,8451.00,6931.00,7123.00,22910.00,41702.00,54525.00,65081.00,60352.00,40605.00,26312.00,11154.00,9300.00
TRAFFIC COUNT AT BIG OAK FLAT,2011,7782.00,6946.00,7548.00,24025.00,40870.00,60856.00,75667.00,66429.00,50263.00,33233.00,11207.00,10352.00
TRAFFIC COUNT AT BIG OAK FLAT,2010,6975.00,8400.00,16275.00,25500.00,43752.00,46500.00,64618.00,61153.00,47364.00,31000.00,12674.00,7423.00
TRAFFIC COUNT AT BIG OAK FLAT,2009,7678.00,5426.00,11778.00,23912.00,43186.00,48083.00,56955.00,59502.00,35866.00,32813.00,13500.00,9300.00
TRAFFIC COUNT AT BIG OAK FLAT,2008,6039.00,7245.00,15383.00,19791.00,38536.00,46912.00,53092.00,52521.00,38474.00,27808.00,13953.00,7423.00
TRAFFIC COUNT AT BIG OAK FLAT,2007,7312.00,7226.00,11941.00,21634.00,37259.00,43790.00,50333.00,50203.00,38729.00,26336.00,16205.00,8066.00
TRAFFIC COUNT AT BIG OAK FLAT,2006,6553.00,8045.00,16275.00,15694.00,45223.00,52712.00,59906.00,54962.00,38763.00,28753.00,14443.00,7777.00
TRAFFIC COUNT AT BIG OAK FLAT,2005,5996.00,6925.00,11462.00,17585.00,35632.00,50572.00,54638.00,49840.00,36672.00,27459.00,13877.00,6846.00
TRAFFIC COUNT AT BIG OAK FLAT,2004,6824.00,6956.00,12699.00,21797.00,36937.00,40182.00,47099.00,46747.00,35145.00,22990.00,9296.00,6948.00
TRAFFIC COUNT AT BIG OAK FLAT,2003,8023.00,8064.00,12167.00,15321.00,30723.00,42769.00,47147.00,48141.00,35066.00,27442.00,10448.00,6437.00
TRAFFIC COUNT AT BIG OAK FLAT,2002,7564.00,8108.00,11398.00,18728.00,34311.00,40941.00,46970.00,47328.00,36776.00,26236.00,12552.00,6957.00
TRAFFIC COUNT AT BIG OAK FLAT,2001,7127.00,6694.00,13176.00,20777.00,37868.00,41311.00,48650.00,46897.00,36768.00,26536.00,13630.00,7120.00
TRAFFIC COUNT AT BIG OAK FLAT,2000,8469.00,8935.00,14493.00,27514.00,37295.00,40613.00,51472.00,48541.00,42093.00,26582.00,12840.00,10063.00
TRAFFIC COUNT AT BIG OAK FLAT,1999,3722.00,4214.00,10126.00,13847.00,36287.00,36585.00,98308.00,47841.00,41672.00,33347.00,16536.00,12435.00
TRAFFIC COUNT AT BIG OAK FLAT,1998,6091.00,8095.00,14197.00,22242.00,27568.00,34736.00,54803.00,57191.00,40420.00,33645.00,11803.00,7874.00
TRAFFIC COUNT AT BIG OAK FLAT,1997,0.00,7286.00,14316.00,20406.00,34609.00,41386.00,53475.00,60629.00,43291.00,30008.00,13101.00,7378.00
TRAFFIC COUNT AT BIG OAK FLAT,1996,5790.00,8034.00,13849.00,22482.00,34090.00,34090.00,54534.00,55291.00,42030.00,29421.00,13079.00,7836.00
TRAFFIC COUNT AT BIG OAK FLAT,1995,7022.00,9867.00,13611.00,22276.00,15250.00,45673.00,59671.00,58753.00,49140.00,33684.00,16597.00,4703.00
TRAFFIC COUNT AT BIG OAK FLAT,1994,8183.00,6955.00,16703.00,23088.00,38161.00,45821.00,56148.00,56835.00,44502.00,28039.00,9175.00,7566.00
TRAFFIC COUNT AT BIG OAK FLAT,1993,3709.00,4458.00,13762.00,23914.00,38046.00,37098.00,50687.00,53449.00,42434.00,30702.00,16255.00,9065.00
TRAFFIC COUNT AT BIG OAK FLAT,1992,9260.00,8917.00,13841.00,29082.00,43715.00,45724.00,49420.00,50593.00,41695.00,34557.00,16239.00,7689.00
TRAFFIC COUNT AT BIG OAK FLAT,1991,9012.00,11267.00,10392.00,20181.00,41394.00,38002.00,49888.00,57949.00,43008.00,30849.00,17128.00,9744.00
TRAFFIC COUNT AT BIG OAK FLAT,1990,9201.00,6951.00,14459.00,28109.00,41987.00,42833.00,47908.00,35414.00,37072.00,26733.00,17255.00,9153.00
TRAFFIC COUNT AT BIG OAK FLAT,1989,7561.00,6749.00,13497.00,23198.00,40537.00,37659.00,46270.00,48740.00,39003.00,25408.00,14974.00,10518.00
TRAFFIC COUNT AT BIG OAK FLAT,1988,5841.00,9935.00,17418.00,23045.00,36881.00,38089.00,41963.00,49253.00,38260.00,28189.00,13602.00,7056.00
TRAFFIC COUNT AT BIG OAK FLAT,1987,8452.00,6995.00,11167.00,22491.00,39491.00,38864.00,45153.00,48601.00,17491.00,27709.00,13549.00,7628.00
TRAFFIC COUNT AT BIG OAK FLAT,1986,7971.00,5919.00,10360.00,19219.00,33727.00,35675.00,41344.00,48812.00,33093.00,25937.00,17024.00,8443.00
TRAFFIC COUNT AT BIG OAK FLAT,1985,6923.00,6827.00,9503.00,17914.00,32229.00,35221.00,38700.00,46315.00,32864.00,23780.00,9653.00,6713.00
TRAFFIC COUNT AT BIG TREE,2018,0.00,0.00,0.00,0.00,0.00,26250.00,29450.00,,,,,
TRAFFIC COUNT AT BIG TREE,2017,0.00,0.00,0.00,0.00,0.00,0.00,0.00,0.00,0.00,0.00,0.00,0.00
TRAFFIC COUNT AT BIG TREE,2016,0.00,0.00,0.00,0.00,0.00,0.00,0.00,0.00,0.00,0.00,0.00,0.00
TRAFFIC COUNT AT BIG TREE,2015,2325.00,1400.00,4650.00,15750.00,21700.00,26250.00,29450.00,30225.00,0.00,0.00,0.00,0.00
TRAFFIC COUNT AT BIG TREE,2014,2325.00,1400.00,4650.00,15750.00,21700.00,26250.00,29450.00,30225.00,24750.00,19375.00,7500.00,2325.00
TRAFFIC COUNT AT BIG TREE,2013,2325.00,1400.00,4650.00,15750.00,21700.00,26250.00,29450.00,30225.00,24750.00,19375.00,7500.00,2325.00
TRAFFIC COUNT AT BIG TREE,2012,4815.00,4509.00,6978.00,15750.00,21700.00,26250.00,29450.00,30225.00,24750.00,19375.00,7500.00,2325.00
TRAFFIC COUNT AT BIG TREE,2011,336.00,430.00,435.00,11298.00,19409.00,25410.00,24743.00,24906.00,23856.00,19375.00,8516.00,6337.00
TRAFFIC COUNT AT BIG TREE,2010,557.00,361.00,3049.00,3153.00,11101.00,21375.00,23495.00,22811.00,18849.00,19375.00,7500.00,1139.00
TRAFFIC COUNT AT BIG TREE,2009,504.00,358.00,668.00,9049.00,19887.00,21162.00,29450.00,24068.00,17779.00,15601.00,9479.00,3624.00
TRAFFIC COUNT AT BIG TREE,2008,2325.00,1450.00,5078.00,4625.00,20652.00,21112.00,23540.00,24085.00,19709.00,16638.00,8924.00,1714.00
TRAFFIC COUNT AT BIG TREE,2007,1644.00,1400.00,4650.00,15750.00,21700.00,26250.00,29450.00,30225.00,24750.00,19375.00,7500.00,2325.00
TRAFFIC COUNT AT BIG TREE,2006,303.00,556.00,592.00,2600.00,18785.00,20631.00,23001.00,16315.00,18203.00,14924.00,7853.00,658.00
TRAFFIC COUNT AT BIG TREE,2005,724.00,668.00,2928.00,3628.00,17796.00,26250.00,29450.00,30225.00,16087.00,15450.00,8660.00,4495.00
TRAFFIC COUNT AT BIG TREE,2004,367.00,1276.00,4650.00,15750.00,21700.00,26250.00,25415.00,22363.00,18762.00,10956.00,3920.00,784.00
TRAFFIC COUNT AT BIG TREE,2003,883.00,483.00,1369.00,9900.00,15916.00,18748.00,24947.00,30225.00,16922.00,14902.00,6351.00,1304.00
TRAFFIC COUNT AT BIG TREE,2002,414.00,708.00,3110.00,12547.00,17214.00,18800.00,20858.00,21053.00,17809.00,14961.00,8547.00,2430.00
TRAFFIC COUNT AT BIG TREE,2001,1823.00,799.00,1795.00,9008.00,18398.00,19886.00,23113.00,22797.00,24330.00,14198.00,7170.00,557.00
TRAFFIC COUNT AT BIG TREE,2000,3047.00,1619.00,2591.00,13067.00,18940.00,19696.00,22503.00,22201.00,18636.00,14645.00,3812.00,4531.00
TRAFFIC COUNT AT BIG TREE,1999,4945.00,773.00,3024.00,9970.00,23893.00,23933.00,26638.00,26468.00,21117.00,17384.00,9789.00,5728.00
TRAFFIC COUNT AT BIG TREE,1998,846.00,689.00,1644.00,16371.00,21758.00,25360.00,26030.00,26190.00,23538.00,20865.00,8045.00,2784.00
TRAFFIC COUNT AT BIG TREE,1997,327.00,352.00,4846.00,13740.00,21899.00,24919.00,26961.00,28524.00,22856.00,19884.00,8685.00,2290.00
TRAFFIC COUNT AT BIG TREE,1996,812.00,1131.00,5573.00,17784.00,23230.00,24455.00,29102.00,29606.00,25684.00,18551.00,9169.00,3000.00
TRAFFIC COUNT AT BIG TREE,1995,1107.00,2432.00,1855.00,15088.00,18961.00,29749.00,33822.00,31886.00,26681.00,21418.00,9833.00,1967.00
TRAFFIC COUNT AT BIG TREE,1994,4471.00,1268.00,9981.00,16615.00,23166.00,24416.00,28229.00,29785.00,23296.00,18725.00,5100.00,1074.00
TRAFFIC COUNT AT BIG TREE,1993,728.00,1057.00,3342.00,16564.00,23520.00,24136.00,26777.00,30434.00,26636.00,20588.00,10319.00,3879.00
TRAFFIC COUNT AT BIG TREE,1992,3000.00,3243.00,5104.00,15000.00,21300.00,21300.00,26160.00,27227.00,22346.00,18477.00,10937.00,3067.00
TRAFFIC COUNT AT BIG TREE,1991,3526.00,3717.00,1749.00,14730.00,22177.00,20782.00,26420.00,28401.00,23352.00,16648.00,7500.00,3500.00
TRAFFIC COUNT AT BIG TREE,1990,2374.00,3453.00,8229.00,16897.00,21339.00,21779.00,25080.00,15215.00,20000.00,16624.00,9450.00,3948.00
TRAFFIC COUNT AT BIG TREE,1989,1493.00,2559.00,7884.00,13168.00,20373.00,21045.00,23764.00,26531.00,21158.00,15141.00,7530.00,5334.00
TRAFFIC COUNT AT BIG TREE,1988,14084.00,14084.00,8205.00,10614.00,18485.00,46136.00,24406.00,25179.00,19049.00,14199.00,5804.00,1607.00
TRAFFIC COUNT AT BIG TREE,1987,3450.00,3745.00,3575.00,11565.00,17212.00,19547.00,23942.00,25634.00,16311.00,12701.00,6425.00,1276.00
TRAFFIC COUNT AT BIG TREE,1986,1964.00,557.00,447.00,3619.00,9020.00,11315.00,15474.00,15290.00,8105.00,8300.00,5360.00,2630.00
TRAFFIC COUNT AT BIG TREE,1985,1819.00,1391.00,836.00,3980.00,7040.00,7130.00,8468.00,7764.00,3125.00,1928.00,1286.00,1791.00
TRAFFIC COUNT AT HETCH HETCHY,2018,733.00,0.00,1021.00,2884.00,2996.00,3745.00,0.00,,,,,
TRAFFIC COUNT AT HETCH HETCHY,2017,258.00,646.00,1412.00,0.00,0.00,6617.00,4478.00,3466.00,3202.00,2418.00,857.00,620.00
TRAFFIC COUNT AT HETCH HETCHY,2016,277.00,837.00,1516.00,2773.00,4686.00,4065.00,3738.00,2686.00,3020.00,2382.00,1373.00,746.00
TRAFFIC COUNT AT HETCH HETCHY,2015,79.00,1066.00,0.00,2491.00,3326.00,3225.00,3144.00,2703.00,2180.00,1743.00,764.00,349.00
TRAFFIC COUNT AT HETCH HETCHY,2014,604.00,542.00,1069.00,2120.00,3245.00,3027.00,2858.00,2835.00,1933.00,1789.00,1273.00,877.00
TRAFFIC COUNT AT HETCH HETCHY,2013,0.00,0.00,0.00,1936.00,3846.00,4187.00,3151.00,1510.00,0.00,269.00,1077.00,578.00
TRAFFIC COUNT AT HETCH HETCHY,2012,405.00,613.00,784.00,1969.00,0.00,3763.00,3658.00,3186.00,2498.00,1715.00,775.00,141.00
TRAFFIC COUNT AT HETCH HETCHY,2011,275.00,271.00,270.00,0.00,5312.00,6475.00,5360.00,3892.00,3194.00,2351.00,918.00,574.00
TRAFFIC COUNT AT HETCH HETCHY,2010,283.00,364.00,896.00,1076.00,5110.00,4328.00,3809.00,3392.00,3038.00,2033.00,667.00,213.00
TRAFFIC COUNT AT HETCH HETCHY,2009,257.00,148.00,626.00,1502.00,4160.00,3812.00,3290.00,3112.00,2034.00,1851.00,1141.00,220.00
TRAFFIC COUNT AT HETCH HETCHY,2008,154.00,295.00,1090.00,1847.00,3779.00,3209.00,2826.00,2560.00,1916.00,1534.00,1047.00,218.00
TRAFFIC COUNT AT HETCH HETCHY,2007,155.00,316.00,719.00,2142.00,3221.00,2985.00,2883.00,2668.00,2096.00,1662.00,864.00,402.00
TRAFFIC COUNT AT HETCH HETCHY,2006,161.00,270.00,269.00,1352.00,3873.00,4616.00,3247.00,2813.00,2297.00,1187.00,0.00,243.00
TRAFFIC COUNT AT HETCH HETCHY,2005,142.00,236.00,555.00,1326.00,3035.00,5020.00,3568.00,2486.00,1811.00,1187.00,0.00,328.00
TRAFFIC COUNT AT HETCH HETCHY,2004,0.00,0.00,0.00,1331.00,1908.00,4200.00,4340.00,1984.00,3000.00,2325.00,1240.00,0.00
TRAFFIC COUNT AT HETCH HETCHY,2003,0.00,0.00,465.00,1500.00,4340.00,4200.00,4340.00,3100.00,3000.00,2325.00,0.00,0.00
TRAFFIC COUNT AT HETCH HETCHY,2002,155.00,420.00,465.00,1229.00,2497.00,1831.00,2714.00,3100.00,3000.00,2325.00,0.00,0.00
TRAFFIC COUNT AT HETCH HETCHY,2001,155.00,420.00,465.00,1500.00,4340.00,3397.00,2468.00,3100.00,3000.00,939.00,1200.00,0.00
TRAFFIC COUNT AT HETCH HETCHY,2000,155.00,435.00,465.00,1500.00,4340.00,4200.00,4340.00,3100.00,3000.00,2325.00,1200.00,0.00
TRAFFIC COUNT AT HETCH HETCHY,1999,155.00,465.00,465.00,1500.00,3952.00,3952.00,4340.00,3326.00,3000.00,2325.00,1200.00,0.00
TRAFFIC COUNT AT HETCH HETCHY,1998,0.00,0.00,0.00,0.00,0.00,4200.00,4340.00,3100.00,3000.00,2325.00,1200.00,0.00
TRAFFIC COUNT AT HETCH HETCHY,1997,0.00,0.00,0.00,0.00,0.00,4200.00,4340.00,3100.00,3000.00,2325.00,0.00,0.00
TRAFFIC COUNT AT HETCH HETCHY,1996,0.00,0.00,0.00,0.00,0.00,0.00,3220.00,1600.00,0.00,0.00,0.00,0.00
TRAFFIC COUNT AT HETCH HETCHY,1995,75.00,635.00,611.00,1585.00,3704.00,5092.00,4885.00,3417.00,2499.00,1426.00,0.00,0.00
TRAFFIC COUNT AT HETCH HETCHY,1994,135.00,300.00,450.00,1801.00,4851.00,3453.00,3362.00,3553.00,3224.00,2349.00,1163.00,25.00
TRAFFIC COUNT AT HETCH HETCHY,1993,250.00,0.00,400.00,886.00,4534.00,3885.00,5001.00,3003.00,2919.00,2256.00,1166.00,0.00
TRAFFIC COUNT AT HETCH HETCHY,1992,400.00,1198.00,603.00,1457.00,3124.00,2948.00,3285.00,3029.00,2673.00,1845.00,1001.00,400.00
TRAFFIC COUNT AT HETCH HETCHY,1991,500.00,625.00,570.00,1432.00,3067.00,2677.00,3145.00,3805.00,2417.00,1433.00,1050.00,450.00
TRAFFIC COUNT AT HETCH HETCHY,1990,280.00,468.00,702.00,1882.00,6010.00,3320.00,4118.00,2637.00,2738.00,1923.00,1048.00,348.00
TRAFFIC COUNT AT HETCH HETCHY,1989,326.00,323.00,536.00,3315.00,3400.00,3137.00,2734.00,4020.00,2346.00,1470.00,607.00,569.00
TRAFFIC COUNT AT HETCH HETCHY,1988,359.00,442.00,488.00,575.00,3934.00,3220.00,3662.00,3114.00,2244.00,1984.00,1147.00,450.00
TRAFFIC COUNT AT HETCH HETCHY,1987,480.00,421.00,442.00,548.00,4577.00,4291.00,8979.00,9474.00,2752.00,3073.00,4234.00,200.00
TRAFFIC COUNT AT HETCH HETCHY,1986,457.00,200.00,378.00,522.00,3859.00,4581.00,8163.00,9023.00,6342.00,5987.00,4199.00,417.00
TRAFFIC COUNT AT HETCH HETCHY,1985,250.00,69.00,224.00,486.00,3267.00,4341.00,7832.00,10123.00,2876.00,0.00,889.00,357.00
TRAFFIC COUNT AT SOUTH ENTRANCE,2018,17825.00,18900.00,21700.00,33750.00,44950.00,55500.00,50400.00,,,,,
TRAFFIC COUNT AT SOUTH ENTRANCE,2017,17749.00,14191.00,18350.00,46841.00,67642.00,80486.00,67868.00,37925.00,43371.00,41539.00,33589.00,18822.00
TRAFFIC COUNT AT SOUTH ENTRANCE,2016,22052.00,35523.00,56816.00,40942.00,59667.00,67306.00,78411.00,65100.00,56875.00,37200.00,31818.00,23689.00
TRAFFIC COUNT AT SOUTH ENTRANCE,2015,24755.00,24247.00,31144.00,42358.00,54494.00,62096.00,65100.00,65100.00,46500.00,37309.00,23774.00,20179.00
TRAFFIC COUNT AT SOUTH ENTRANCE,2014,17825.00,18900.00,21700.00,33750.00,44950.00,55500.00,72129.00,62899.00,46547.00,43574.00,40350.00,21700.00
TRAFFIC COUNT AT SOUTH ENTRANCE,2013,17825.00,18900.00,21700.00,33750.00,44950.00,55500.00,65100.00,65100.00,46500.00,37200.00,22500.00,21700.00
TRAFFIC COUNT AT SOUTH ENTRANCE,2012,15428.00,17028.00,21700.00,33750.00,44950.00,55500.00,65100.00,65100.00,46500.00,37200.00,22500.00,21700.00
TRAFFIC COUNT AT SOUTH ENTRANCE,2011,15434.00,13332.00,12992.00,32040.00,47396.00,54693.00,76212.00,69499.00,49486.00,37200.00,18917.00,18225.00
TRAFFIC COUNT AT SOUTH ENTRANCE,2010,16040.00,14844.00,21230.00,29479.00,50490.00,63620.00,70455.00,64502.00,49399.00,37200.00,22500.00,15772.00
TRAFFIC COUNT AT SOUTH ENTRANCE,2009,17717.00,12422.00,19704.00,34510.00,52247.00,53929.00,66066.00,62636.00,45756.00,38159.00,22796.00,16737.00
TRAFFIC COUNT AT SOUTH ENTRANCE,2008,17825.00,19575.00,21700.00,29290.00,48438.00,53058.00,60106.00,57719.00,41679.00,35426.00,22802.00,16071.00
TRAFFIC COUNT AT SOUTH ENTRANCE,2007,18145.00,18900.00,21700.00,33750.00,44950.00,55500.00,65100.00,65100.00,46500.00,37200.00,22500.00,21700.00
TRAFFIC COUNT AT SOUTH ENTRANCE,2006,16776.00,15443.00,14377.00,25686.00,60103.00,65920.00,73634.00,63361.00,44182.00,33379.00,22318.00,17367.00
TRAFFIC COUNT AT SOUTH ENTRANCE,2005,13732.00,14793.00,20122.00,25164.00,33227.00,52523.00,54120.00,65100.00,31650.00,33800.00,22050.00,18502.00
TRAFFIC COUNT AT SOUTH ENTRANCE,2004,16209.00,18128.00,21700.00,33750.00,44950.00,49265.00,55009.00,52662.00,37473.00,25277.00,17765.00,12979.00
TRAFFIC COUNT AT SOUTH ENTRANCE,2003,18473.00,16859.00,19759.00,25198.00,39630.00,49463.00,60157.00,65100.00,37150.00,33447.00,19697.00,15867.00
TRAFFIC COUNT AT SOUTH ENTRANCE,2002,16702.00,17406.00,21127.00,25544.00,41024.00,47178.00,54323.00,54134.00,37721.00,31226.00,21333.00,17140.00
TRAFFIC COUNT AT SOUTH ENTRANCE,2001,14438.00,15288.00,19201.00,25267.00,40497.00,45581.00,53610.00,52516.00,47098.00,22889.00,21148.00,17728.00
TRAFFIC COUNT AT SOUTH ENTRANCE,2000,14585.00,18311.00,22615.00,34845.00,39950.00,46510.00,54469.00,52706.00,40254.00,30697.00,19052.00,18609.00
TRAFFIC COUNT AT SOUTH ENTRANCE,1999,18755.00,18700.00,23241.00,28815.00,52159.00,50414.00,61299.00,61890.00,45175.00,38970.00,23622.00,17638.00
TRAFFIC COUNT AT SOUTH ENTRANCE,1998,17200.00,14357.00,20812.00,32014.00,43846.00,50421.00,63843.00,65678.00,47498.00,45852.00,23224.00,19608.00
TRAFFIC COUNT AT SOUTH ENTRANCE,1997,0.00,12748.00,29441.00,37683.00,53449.00,49793.00,63343.00,68865.00,44681.00,37867.00,23761.00,18906.00
TRAFFIC COUNT AT SOUTH ENTRANCE,1996,13952.00,18050.00,24429.00,34605.00,51696.00,54558.00,63908.00,66356.00,46265.00,37976.00,23648.00,21500.00
TRAFFIC COUNT AT SOUTH ENTRANCE,1995,17509.00,20602.00,19198.00,35857.00,34250.00,61652.00,69373.00,64164.00,51775.00,42856.00,25173.00,12896.00
TRAFFIC COUNT AT SOUTH ENTRANCE,1994,19032.00,17052.00,24478.00,32026.00,48134.00,50921.00,63408.00,61668.00,41937.00,32925.00,19666.00,21479.00
TRAFFIC COUNT AT SOUTH ENTRANCE,1993,16718.00,18671.00,21379.00,33234.00,51821.00,53617.00,63872.00,66975.00,50154.00,41311.00,24799.00,21445.00
TRAFFIC COUNT AT SOUTH ENTRANCE,1992,21166.00,18137.00,21098.00,33492.00,48417.00,49815.00,57766.00,57744.00,42980.00,34644.00,23194.00,17773.00
TRAFFIC COUNT AT SOUTH ENTRANCE,1991,15707.00,14549.00,14736.00,25400.00,44100.00,38918.00,48454.00,61105.00,42339.00,33365.00,23120.00,16642.00
TRAFFIC COUNT AT SOUTH ENTRANCE,1990,14198.00,15155.00,19045.00,30506.00,40668.00,40966.00,44333.00,35898.00,30752.00,27082.00,20945.00,13626.00
TRAFFIC COUNT AT SOUTH ENTRANCE,1989,16447.00,14430.00,19949.00,25217.00,40560.00,44681.00,52628.00,50941.00,38014.00,28104.00,21848.00,16801.00
TRAFFIC COUNT AT SOUTH ENTRANCE,1988,14751.00,15320.00,19480.00,21968.00,37389.00,40673.00,49849.00,48315.00,35096.00,27322.00,17328.00,14934.00
TRAFFIC COUNT AT SOUTH ENTRANCE,1987,13759.00,13888.00,13190.00,23545.00,34671.00,40886.00,44660.00,45808.00,29833.00,24398.00,15652.00,12202.00
TRAFFIC COUNT AT SOUTH ENTRANCE,1986,13785.00,10867.00,15905.00,17798.00,31773.00,36019.00,41922.00,45569.00,28342.00,24058.00,17722.00,12324.00
TRAFFIC COUNT AT SOUTH ENTRANCE,1985,13849.00,13833.00,15849.00,22651.00,36111.00,43743.00,49245.00,53278.00,34445.00,26159.00,12573.00,13571.00
TRAFFIC COUNT AT TIOGA PASS,2018,0.00,0.00,0.00,0.00,0.00,33000.00,48050.00,,,,,
TRAFFIC COUNT AT TIOGA PASS,2017,0.00,0.00,0.00,0.00,0.00,2200.00,48050.00,59877.00,48000.00,23250.00,0.00,0.00
TRAFFIC COUNT AT TIOGA PASS,2016,0.00,0.00,0.00,0.00,0.00,65348.00,64892.00,61146.00,52609.00,20250.00,0.00,0.00
TRAFFIC COUNT AT TIOGA PASS,2015,0.00,0.00,0.00,0.00,0.00,33000.00,48050.00,55576.00,45006.00,23250.00,0.00,0.00
TRAFFIC COUNT AT TIOGA PASS,2014,0.00,0.00,0.00,0.00,0.00,33000.00,48050.00,66650.00,48000.00,23250.00,0.00,0.00
TRAFFIC COUNT AT TIOGA PASS,2013,0.00,0.00,0.00,0.00,0.00,33000.00,48050.00,60200.00,48000.00,18000.00,0.00,0.00
TRAFFIC COUNT AT TIOGA PASS,2012,4800.00,3400.00,0.00,0.00,0.00,33000.00,48050.00,66650.00,48000.00,23250.00,0.00,0.00
TRAFFIC COUNT AT TIOGA PASS,2011,0.00,0.00,0.00,0.00,0.00,13200.00,48050.00,66650.00,48000.00,23250.00,0.00,2000.00
TRAFFIC COUNT AT TIOGA PASS,2010,0.00,0.00,0.00,0.00,0.00,27500.00,46593.00,66650.00,48000.00,23250.00,0.00,0.00
TRAFFIC COUNT AT TIOGA PASS,2009,0.00,0.00,0.00,0.00,11440.00,31814.00,46336.00,66650.00,48000.00,23250.00,0.00,0.00
TRAFFIC COUNT AT TIOGA PASS,2008,0.00,0.00,0.00,0.00,6051.00,30737.00,42324.00,45552.00,34933.00,18098.00,0.00,0.00
TRAFFIC COUNT AT TIOGA PASS,2007,0.00,0.00,0.00,0.00,16926.00,30693.00,41243.00,43779.00,32317.00,16068.00,7928.00,496.00
TRAFFIC COUNT AT TIOGA PASS,2006,0.00,0.00,0.00,0.00,0.00,14300.00,46715.00,41464.00,33844.00,18173.00,5437.00,0.00
TRAFFIC COUNT AT TIOGA PASS,2005,0.00,0.00,0.00,0.00,0.00,1256.00,44192.00,66650.00,46115.00,23250.00,0.00,0.00
TRAFFIC COUNT AT TIOGA PASS,2004,0.00,0.00,0.00,0.00,0.00,33000.00,48050.00,44509.00,33116.00,23250.00,0.00,0.00
TRAFFIC COUNT AT TIOGA PASS,2003,0.00,0.00,0.00,0.00,0.00,33000.00,48050.00,66650.00,42036.00,24287.00,0.00,0.00
TRAFFIC COUNT AT TIOGA PASS,2002,0.00,0.00,0.00,0.00,0.00,33000.00,48050.00,66650.00,48000.00,23250.00,0.00,0.00
TRAFFIC COUNT AT TIOGA PASS,2001,0.00,0.00,0.00,0.00,0.00,33000.00,48050.00,66650.00,48000.00,23250.00,0.00,0.00
TRAFFIC COUNT AT TIOGA PASS,2000,0.00,0.00,0.00,0.00,5702.00,31188.00,42750.00,44719.00,35691.00,22682.00,0.00,0.00
TRAFFIC COUNT AT TIOGA PASS,1999,0.00,0.00,0.00,0.00,0.00,31064.00,48050.00,66650.00,44506.00,23250.00,0.00,0.00
TRAFFIC COUNT AT TIOGA PASS,1998,0.00,0.00,0.00,0.00,0.00,0.00,48291.00,66650.00,38739.00,21066.00,0.00,0.00
TRAFFIC COUNT AT TIOGA PASS,1997,0.00,0.00,0.00,0.00,0.00,29357.00,45545.00,66650.00,48000.00,23250.00,0.00,0.00
TRAFFIC COUNT AT TIOGA PASS,1996,0.00,0.00,0.00,0.00,0.00,36597.00,48100.00,66650.00,48000.00,23250.00,0.00,0.00
TRAFFIC COUNT AT TIOGA PASS,1995,0.00,0.00,0.00,0.00,293.00,267.00,50803.00,55718.00,45164.00,27510.00,10187.00,0.00
TRAFFIC COUNT AT TIOGA PASS,1994,0.00,0.00,0.00,0.00,9129.00,36563.00,40105.00,68000.00,49000.00,20713.00,0.00,0.00
TRAFFIC COUNT AT TIOGA PASS,1993,0.00,0.00,0.00,0.00,0.00,28733.00,51548.00,63912.00,46534.00,24972.00,629.00,0.00
TRAFFIC COUNT AT TIOGA PASS,1992,0.00,0.00,0.00,0.00,20141.00,38345.00,50288.00,55214.00,43032.00,25546.00,49.00,0.00
TRAFFIC COUNT AT TIOGA PASS,1991,0.00,0.00,0.00,0.00,4991.00,29141.00,45448.00,46429.00,34868.00,19130.00,0.00,0.00
TRAFFIC COUNT AT TIOGA PASS,1990,0.00,0.00,0.00,0.00,8538.00,31035.00,41192.00,31815.00,30997.00,16038.00,2823.00,0.00
TRAFFIC COUNT AT TIOGA PASS,1989,0.00,0.00,0.00,0.00,17574.00,31531.00,46496.00,46613.00,30662.00,15222.00,4891.00,0.00
TRAFFIC COUNT AT TIOGA PASS,1988,0.00,0.00,0.00,360.00,18451.00,30508.00,41206.00,45067.00,34517.00,22833.00,3547.00,0.00
TRAFFIC COUNT AT TIOGA PASS,1987,0.00,0.00,0.00,0.00,21770.00,35568.00,42969.00,51019.00,37658.00,22244.00,778.00,0.00
TRAFFIC COUNT AT TIOGA PASS,1986,0.00,0.00,0.00,0.00,7822.00,29423.00,39787.00,47100.00,27774.00,16018.00,7243.00,0.00
TRAFFIC COUNT AT TIOGA PASS,1985,0.00,0.00,0.00,0.00,16787.00,28057.00,38123.00,43907.00,32070.00,13408.00,2364.00,0.00